concentrations,biosensor
0,0.0330114376
1,0.0544483255
5,0.4850352716
10,3.2165148504
50,4.2419925574
100,4.6732643881
500,5.0175787049
1000,5.2598452161
