concentrations;biosensor
0;0.0074204963
1;0.0006533383
5;0.1283582822
10;0.1410114904
50;0.1741116383
100;0.1594542007
500;0.0748863709
1000;0.1563001637
