"hill_transfer","Km","fold_change","baseline","range_BenZ","range_HipO","total_enzyme","ratio_hip_benz","cooperativity_resource","range_resource"
1.33596461366265,114.224228519719,20.5936939408336,129.55622741125,1.1,0.787283786688604,4.74535028238029,0.766283836117536,2.07256910620377,1.66703739718471
0,0,0,0.000131328697452607,0,8.62025810864108e-06,0.62262194309526,0.0147942129772186,0.1749110034593,0.239503988961574
0,0,0,5.87319789801063e-05,0,3.85509662290305e-06,0.278444997808801,0.00661617317813406,0.078222578749539,0.107109440040088
0,0,0,0.000115114678801008,0,7.55598938088997e-06,0.54575219570525,0.0129676994291427,0.153316254349096,0.209934502478572
