"range_CocE","hill_transfer","Km","fold_change","baseline","total_enzyme","ratio_hip_benz","cooperativity_resource","range_resource"
0.200532164354241,1.33596453703345,114.224229433384,20.5936979457679,129.556225070655,4.2335726854693,0.775760716893323,1.95476802510438,1.97342869181304
0.0151420016226932,0,0,0,1.07404009973705e-05,0.105598415267791,0.00217862063155888,0.023276866872174,0.0536427372058183
0.00151420016226932,0,0,0,1.07404009973705e-06,0.0105598415267791,0.000217862063155888,0.0023276866872174,0.00536427372058183
0.00296783231804788,0,0,0,2.10511859548461e-06,0.0206972893924871,0.00042700964378554,0.0045622659069461,0.0105139764923404
